{
  "Singapore": {
    "Longitude": 1.352083,
    "Latitude": 103.819836
  },
  "Malaysia": {
    "Longitude": 4.210484,
    "Latitude": 101.975766
  },
  "Thailand": {
    "Longitude": 15.870032,
    "Latitude": 100.992541
  }
}